domain,dila_current_public_site,proconnect_2024_verified_email_domain,status
academie-renseignement.gouv.fr,true,false,dila_current
academie.def.gouv.fr,false,true,proconnect_snapshot_only
acceslibre.beta.gouv.fr,true,false,dila_current
accessibilite.gouv.fr,true,false,dila_current
ae.diplomatie.gouv.fr,true,false,dila_current
aefe.gouv.fr,true,false,dila_current
afa.gouv.fr,false,true,proconnect_snapshot_only
aft.gouv.fr,true,true,dila_and_proconnect
agd.data.gouv.fr,true,false,dila_current
agence-cohesion-territoires.gouv.fr,true,false,dila_current
agence-francaise-anticorruption.gouv.fr,true,false,dila_current
agrasc.gouv.fr,false,true,proconnect_snapshot_only
agriculture.gouv.fr,true,true,dila_and_proconnect
aife.economie.gouv.fr,true,false,dila_current
ain.gouv.fr,false,true,proconnect_snapshot_only
air.defense.gouv.fr,true,false,dila_current
aisne.gouv.fr,false,true,proconnect_snapshot_only
allier.gouv.fr,false,true,proconnect_snapshot_only
allo119.gouv.fr,true,false,dila_current
alpes-de-haute-provence.gouv.fr,false,true,proconnect_snapshot_only
alpes-maritimes.gouv.fr,false,true,proconnect_snapshot_only
anah.gouv.fr,true,true,dila_and_proconnect
anc.gouv.fr,true,false,dila_current
anct.gouv.fr,true,true,dila_and_proconnect
angdm.gouv.fr,true,false,dila_current
anlci.gouv.fr,true,true,dila_and_proconnect
ansc.interieur.gouv.fr,true,false,dila_current
antai.gouv.fr,true,false,dila_current
ants.gouv.fr,true,false,dila_current
ape.gouv.fr,false,true,proconnect_snapshot_only
archives-nationales-outre-mer.culture.gouv.fr,true,false,dila_current
archives-nationales-travail.culture.gouv.fr,true,false,dila_current
archives-nationales.culture.gouv.fr,true,false,dila_current
archivesnationales.culture.gouv.fr,true,false,dila_current
ardeche.gouv.fr,false,true,proconnect_snapshot_only
ardennes.gouv.fr,false,true,proconnect_snapshot_only
ariege.gouv.fr,false,true,proconnect_snapshot_only
armement.defense.gouv.fr,true,false,dila_current
arpe.gouv.fr,true,false,dila_current
asp.gouv.fr,true,false,dila_current
associations.gouv.fr,true,false,dila_current
aube.gouv.fr,false,true,proconnect_snapshot_only
aude.gouv.fr,false,true,proconnect_snapshot_only
auvergne-rhone-alpes.gouv.fr,false,true,proconnect_snapshot_only
aveyron.gouv.fr,false,true,proconnect_snapshot_only
aviation-civile.gouv.fr,false,true,proconnect_snapshot_only
avis-biodiversite.developpement-durable.gouv.fr,true,false,dila_current
bas-rhin.gouv.fr,false,true,proconnect_snapshot_only
be.diplomatie.gouv.fr,true,false,dila_current
bea-mer.developpement-durable.gouv.fr,true,false,dila_current
bea-tt.developpement-durable.gouv.fr,true,false,dila_current
beta.gouv.fr,true,true,dila_and_proconnect
bfc.gouv.fr,false,true,proconnect_snapshot_only
biodiversite.gouv.fr,true,false,dila_current
bj.diplomatie.gouv.fr,true,false,dila_current
bmpm.gouv.fr,false,true,proconnect_snapshot_only
bouches-du-rhone.gouv.fr,false,true,proconnect_snapshot_only
br.diplomatie.gouv.fr,true,false,dila_current
bretagne.gouv.fr,false,true,proconnect_snapshot_only
budget.gouv.fr,true,false,dila_current
cab.travail.gouv.fr,false,true,proconnect_snapshot_only
calvados.gouv.fr,false,true,proconnect_snapshot_only
campus.numerique.gouv.fr,true,false,dila_current
cantal.gouv.fr,false,true,proconnect_snapshot_only
casier-judiciaire.justice.gouv.fr,true,false,dila_current
centre-val-de-loire.gouv.fr,false,true,proconnect_snapshot_only
cert.ssi.gouv.fr,true,false,dila_current
cessions.immobilier-etat.gouv.fr,true,false,dila_current
cetmef.equipement.gouv.fr,true,false,dila_current
cetu.developpement-durable.gouv.fr,true,false,dila_current
cfmt.terre.defense.gouv.fr,true,false,dila_current
cgedd.developpement-durable.gouv.fr,true,false,dila_current
charente-maritime.gouv.fr,false,true,proconnect_snapshot_only
charente.gouv.fr,false,true,proconnect_snapshot_only
cher.gouv.fr,false,true,proconnect_snapshot_only
cipdr.gouv.fr,true,false,dila_current
civs.gouv.fr,true,true,dila_and_proconnect
cmvrh.developpement-durable.gouv.fr,true,false,dila_current
cnig.gouv.fr,true,false,dila_current
cnle.gouv.fr,true,false,dila_current
cnsnmm.sports.gouv.fr,true,false,dila_current
code.gouv.fr,false,true,proconnect_snapshot_only
cofgc.gouv.fr,false,true,proconnect_snapshot_only
cohesion-territoires.gouv.fr,true,false,dila_current
collectivites-locales.gouv.fr,true,false,dila_current
collectivites-territoriales.gouv.fr,false,true,proconnect_snapshot_only
complementaire-sante-solidaire.gouv.fr,true,false,dila_current
conseil-national-industrie.gouv.fr,true,false,dila_current
consulat.gouv.fr,true,false,dila_current
correze.gouv.fr,false,true,proconnect_snapshot_only
corse-du-sud.gouv.fr,false,true,proconnect_snapshot_only
corse-du-sud.pref.gouv.fr,false,true,proconnect_snapshot_only
corse.gouv.fr,false,true,proconnect_snapshot_only
cote-dor.gouv.fr,false,true,proconnect_snapshot_only
cotes-darmor.gouv.fr,false,true,proconnect_snapshot_only
cr.diplomatie.gouv.fr,true,false,dila_current
creps-dijon.sports.gouv.fr,false,true,proconnect_snapshot_only
creps-lorraine.sports.gouv.fr,false,true,proconnect_snapshot_only
creps-montpellier.sports.gouv.fr,false,true,proconnect_snapshot_only
creps-paca.sports.gouv.fr,false,true,proconnect_snapshot_only
creps-pdl.sports.gouv.fr,false,true,proconnect_snapshot_only
creps-poitiers.sports.gouv.fr,false,true,proconnect_snapshot_only
creps-reims.sports.gouv.fr,false,true,proconnect_snapshot_only
creps-rhonealpes.sports.gouv.fr,false,true,proconnect_snapshot_only
creps-toulouse.sports.gouv.fr,false,true,proconnect_snapshot_only
creps-vichy.sports.gouv.fr,false,true,proconnect_snapshot_only
creps-wattignies.sports.gouv.fr,false,true,proconnect_snapshot_only
creuse.gouv.fr,false,true,proconnect_snapshot_only
csmm.developpement-durable.gouv.fr,true,false,dila_current
cte.gouv.fr,true,false,dila_current
culture.gouv.fr,true,true,dila_and_proconnect
cvrh-paris.developpement-durable.gouv.fr,true,false,dila_current
cyber.gouv.fr,true,false,dila_current
data.gouv.fr,true,true,dila_and_proconnect
dcstep.gouv.fr,false,true,proconnect_snapshot_only
ddc.social.gouv.fr,false,true,proconnect_snapshot_only
de.diplomatie.gouv.fr,true,false,dila_current
deets.gouv.fr,false,true,proconnect_snapshot_only
def.gouv.fr,false,true,proconnect_snapshot_only
defense.gouv.fr,true,false,dila_current
deux-sevres.gouv.fr,false,true,proconnect_snapshot_only
developpement-durable.gouv.fr,false,true,proconnect_snapshot_only
devenirenseignant.gouv.fr,true,false,dila_current
dgccrf.finances.gouv.fr,false,true,proconnect_snapshot_only
dgcl.gouv.fr,false,true,proconnect_snapshot_only
dgfip.finances.gouv.fr,false,true,proconnect_snapshot_only
dgse.gouv.fr,true,false,dila_current
dgsi.interieur.gouv.fr,true,false,dila_current
dgtresor.gouv.fr,false,true,proconnect_snapshot_only
diese.gouv.fr,true,false,dila_current
dihal.gouv.fr,false,true,proconnect_snapshot_only
dila.gouv.fr,true,true,dila_and_proconnect
diplomatie.gouv.fr,true,true,dila_and_proconnect
dirm.nord-atlantique-manche-ouest.developpement-durable.gouv.fr,true,false,dila_current
dk.diplomatie.gouv.fr,true,false,dila_current
dordogne.gouv.fr,false,true,proconnect_snapshot_only
douane.finances.gouv.fr,false,true,proconnect_snapshot_only
douane.gouv.fr,true,false,dila_current
doubs.gouv.fr,false,true,proconnect_snapshot_only
drees.sante.gouv.fr,true,false,dila_current
drees.solidarites-sante.gouv.fr,true,false,dila_current
dreets.gouv.fr,false,true,proconnect_snapshot_only
drieets.gouv.fr,false,true,proconnect_snapshot_only
drogues.gouv.fr,true,false,dila_current
drome.gouv.fr,false,true,proconnect_snapshot_only
drsd.defense.gouv.fr,true,false,dila_current
ecologie-territoires.gouv.fr,false,true,proconnect_snapshot_only
ecologie.gouv.fr,true,false,dila_current
economie.gouv.fr,true,false,dila_current
education.gouv.fr,true,true,dila_and_proconnect
egalite-femmes-hommes.gouv.fr,true,false,dila_current
eleve.insp.gouv.fr,false,true,proconnect_snapshot_only
emploi.gouv.fr,false,true,proconnect_snapshot_only
encheres-domaine.gouv.fr,true,false,dila_current
enfance.gouv.fr,true,false,dila_current
ensa.sports.gouv.fr,true,false,dila_current
enseignementsup-recherche.gouv.fr,true,false,dila_current
enseignementsup.gouv.fr,false,true,proconnect_snapshot_only
ensm.sports.gouv.fr,true,true,dila_and_proconnect
ensp.interieur.gouv.fr,true,false,dila_current
entreprise.api.gouv.fr,false,true,proconnect_snapshot_only
entreprises.gouv.fr,true,false,dila_current
envsn.sports.gouv.fr,true,true,dila_and_proconnect
equipement-agriculture.gouv.fr,false,true,proconnect_snapshot_only
esante.gouv.fr,true,true,dila_and_proconnect
essonne.gouv.fr,false,true,proconnect_snapshot_only
essonne.pref.gouv.fr,false,true,proconnect_snapshot_only
etalab.gouv.fr,true,false,dila_current
etrangers-en-france.interieur.gouv.fr,true,false,dila_current
etudiant.gouv.fr,true,false,dila_current
eure-et-loir.gouv.fr,false,true,proconnect_snapshot_only
eure-et-loir.pref.gouv.fr,false,true,proconnect_snapshot_only
eure.gouv.fr,false,true,proconnect_snapshot_only
finances.gouv.fr,false,true,proconnect_snapshot_only
finistere.gouv.fr,false,true,proconnect_snapshot_only
fonction-publique.gouv.fr,true,false,dila_current
france-services.gouv.fr,false,true,proconnect_snapshot_only
francearchives.gouv.fr,true,false,dila_current
franceconnect.gouv.fr,false,true,proconnect_snapshot_only
galaxie.enseignementsup-recherche.gouv.fr,true,false,dila_current
gard.gouv.fr,false,true,proconnect_snapshot_only
garde-nationale.gouv.fr,true,false,dila_current
gendarmerie.defense.gouv.fr,false,true,proconnect_snapshot_only
gendarmerie.interieur.gouv.fr,true,true,dila_and_proconnect
geoportail.gouv.fr,true,false,dila_current
gers.gouv.fr,false,true,proconnect_snapshot_only
gic.gouv.fr,false,true,proconnect_snapshot_only
gironde.gouv.fr,false,true,proconnect_snapshot_only
grand-est.gouv.fr,false,true,proconnect_snapshot_only
gt.diplomatie.gouv.fr,true,false,dila_current
guadeloupe.gouv.fr,false,true,proconnect_snapshot_only
guyane.gouv.fr,false,true,proconnect_snapshot_only
guyane.pref.gouv.fr,false,true,proconnect_snapshot_only
handicap.gouv.fr,true,false,dila_current
harkis.gouv.fr,true,false,dila_current
haut-conseil-egalite.gouv.fr,true,false,dila_current
haut-rhin.gouv.fr,false,true,proconnect_snapshot_only
haute-corse.gouv.fr,false,true,proconnect_snapshot_only
haute-garonne.gouv.fr,false,true,proconnect_snapshot_only
haute-loire.gouv.fr,false,true,proconnect_snapshot_only
haute-marne.gouv.fr,false,true,proconnect_snapshot_only
haute-saone.gouv.fr,false,true,proconnect_snapshot_only
haute-savoie.gouv.fr,false,true,proconnect_snapshot_only
haute-vienne.gouv.fr,false,true,proconnect_snapshot_only
hautes-alpes.gouv.fr,false,true,proconnect_snapshot_only
hautes-pyrenees.gouv.fr,false,true,proconnect_snapshot_only
hauts-de-france.gouv.fr,false,true,proconnect_snapshot_only
hauts-de-seine.gouv.fr,false,true,proconnect_snapshot_only
hci.gouv.fr,true,false,dila_current
hclpd.gouv.fr,true,false,dila_current
herault.gouv.fr,false,true,proconnect_snapshot_only
histologe.beta.gouv.fr,true,false,dila_current
horizon-europe.gouv.fr,true,false,dila_current
hu.diplomatie.gouv.fr,true,false,dila_current
ie.diplomatie.gouv.fr,true,false,dila_current
ifore.developpement-durable.gouv.fr,true,false,dila_current
iga.interieur.gouv.fr,false,true,proconnect_snapshot_only
igam.developpement-durable.gouv.fr,true,false,dila_current
igas.gouv.fr,true,true,dila_and_proconnect
igedd.developpement-durable.gouv.fr,true,false,dila_current
igesr.gouv.fr,false,true,proconnect_snapshot_only
igf.finances.gouv.fr,true,true,dila_and_proconnect
ille-et-vilaine.gouv.fr,false,true,proconnect_snapshot_only
immatriculation.ants.gouv.fr,true,false,dila_current
immigration.interieur.gouv.fr,true,false,dila_current
immobilier-etat.gouv.fr,true,false,dila_current
impots.gouv.fr,true,false,dila_current
inao.gouv.fr,true,true,dila_and_proconnect
inclusion.beta.gouv.fr,false,true,proconnect_snapshot_only
indre-et-loire.gouv.fr,false,true,proconnect_snapshot_only
indre-et-loire.pref.gouv.fr,false,true,proconnect_snapshot_only
indre.gouv.fr,false,true,proconnect_snapshot_only
info.gouv.fr,true,false,dila_current
infoma.agriculture.gouv.fr,true,false,dila_current
insp.gouv.fr,true,true,dila_and_proconnect
inspection.sante.defense.gouv.fr,true,false,dila_current
intefp.travail-emploi.gouv.fr,true,false,dila_current
interieur.gouv.fr,true,true,dila_and_proconnect
intradef.gouv.fr,false,true,proconnect_snapshot_only
invite.contacts-demarches.interieur.gouv.fr,true,false,dila_current
ira-bastia.gouv.fr,true,true,dila_and_proconnect
ira-lille.gouv.fr,true,false,dila_current
ira-lyon.gouv.fr,true,true,dila_and_proconnect
ira-metz.gouv.fr,true,true,dila_and_proconnect
ira-nantes.gouv.fr,true,true,dila_and_proconnect
isere.gouv.fr,false,true,proconnect_snapshot_only
jeunes.gouv.fr,true,false,dila_current
jeunesse-sports.gouv.fr,false,true,proconnect_snapshot_only
jura.gouv.fr,false,true,proconnect_snapshot_only
justice.gouv.fr,true,true,dila_and_proconnect
kz.diplomatie.gouv.fr,true,false,dila_current
landes.gouv.fr,false,true,proconnect_snapshot_only
le-smv.gouv.fr,true,false,dila_current
logement.defense.gouv.fr,true,false,dila_current
logement.intradef.gouv.fr,true,false,dila_current
loir-et-cher.gouv.fr,false,true,proconnect_snapshot_only
loire-atlantique.gouv.fr,false,true,proconnect_snapshot_only
loire.gouv.fr,false,true,proconnect_snapshot_only
loiret.gouv.fr,false,true,proconnect_snapshot_only
lot-et-garonne.gouv.fr,false,true,proconnect_snapshot_only
lot.gouv.fr,false,true,proconnect_snapshot_only
lot.pref.gouv.fr,false,true,proconnect_snapshot_only
lozere.gouv.fr,false,true,proconnect_snapshot_only
mail.numerique.gouv.fr,false,true,proconnect_snapshot_only
maine-et-loire.gouv.fr,false,true,proconnect_snapshot_only
manche.gouv.fr,false,true,proconnect_snapshot_only
marne.gouv.fr,false,true,proconnect_snapshot_only
martinique.gouv.fr,false,true,proconnect_snapshot_only
martinique.pref.gouv.fr,false,true,proconnect_snapshot_only
mayenne.gouv.fr,false,true,proconnect_snapshot_only
mayotte.gouv.fr,false,true,proconnect_snapshot_only
mayotte.pref.gouv.fr,false,true,proconnect_snapshot_only
mediatheque-patrimoine.culture.gouv.fr,true,false,dila_current
mer.gouv.fr,true,true,dila_and_proconnect
mes-demarches.culturecommunication.gouv.fr,true,false,dila_current
meurthe-et-moselle.gouv.fr,false,true,proconnect_snapshot_only
meurthe-et-moselle.pref.gouv.fr,false,true,proconnect_snapshot_only
meuse.gouv.fr,false,true,proconnect_snapshot_only
meuse.pref.gouv.fr,false,true,proconnect_snapshot_only
miqcp.gouv.fr,true,false,dila_current
miviludes.interieur.gouv.fr,true,false,dila_current
modernisation.gouv.fr,true,true,dila_and_proconnect
montsaintmichel.gouv.fr,true,true,dila_and_proconnect
morbihan.gouv.fr,false,true,proconnect_snapshot_only
moselle.gouv.fr,false,true,proconnect_snapshot_only
mt.diplomatie.gouv.fr,true,false,dila_current
nievre.gouv.fr,false,true,proconnect_snapshot_only
nord.gouv.fr,false,true,proconnect_snapshot_only
normandie.gouv.fr,false,true,proconnect_snapshot_only
notre-dame-de-paris.culture.gouv.fr,true,false,dila_current
nouvelle-aquitaine.gouv.fr,false,true,proconnect_snapshot_only
nouvelle-caledonie.gouv.fr,false,true,proconnect_snapshot_only
numerique.gouv.fr,true,true,dila_and_proconnect
observatoire-des-territoires.gouv.fr,true,false,dila_current
observatoire-energies-renouvelables.biodiversite.gouv.fr,true,false,dila_current
occitanie.gouv.fr,false,true,proconnect_snapshot_only
ofb.gouv.fr,true,true,dila_and_proconnect
ofpra.gouv.fr,true,true,dila_and_proconnect
oise.gouv.fr,false,true,proconnect_snapshot_only
om.diplomatie.gouv.fr,true,false,dila_current
onisr.securite-routiere.gouv.fr,true,false,dila_current
orne.gouv.fr,false,true,proconnect_snapshot_only
outre-mer.gouv.fr,true,true,dila_and_proconnect
paca.gouv.fr,false,true,proconnect_snapshot_only
paris.gouv.fr,false,true,proconnect_snapshot_only
pas-de-calais.gouv.fr,true,true,dila_and_proconnect
pas-de-calais.pref.gouv.fr,false,true,proconnect_snapshot_only
passeport.ants.gouv.fr,true,false,dila_current
pays-de-la-loire.gouv.fr,false,true,proconnect_snapshot_only
pays-de-la-loire.pref.gouv.fr,false,true,proconnect_snapshot_only
pe.diplomatie.gouv.fr,true,false,dila_current
peren.gouv.fr,true,false,dila_current
performance-publique.budget.gouv.fr,true,false,dila_current
permisdeconduire.ants.gouv.fr,true,false,dila_current
pl.diplomatie.gouv.fr,true,false,dila_current
place-des-entreprises.beta.gouv.fr,false,true,proconnect_snapshot_only
planification-ecologique.gouv.fr,true,false,dila_current
pm.gouv.fr,false,true,proconnect_snapshot_only
police-nationale.interieur.gouv.fr,true,false,dila_current
polynesie-francaise.pref.gouv.fr,false,true,proconnect_snapshot_only
portail-logement.sga.defense.gouv.fr,true,false,dila_current
preau.education.gouv.fr,false,true,proconnect_snapshot_only
premar-atlantique.gouv.fr,true,true,dila_and_proconnect
premar-manche.gouv.fr,true,false,dila_current
premar-mediterranee.gouv.fr,true,false,dila_current
pt.diplomatie.gouv.fr,true,false,dila_current
puy-de-dome.gouv.fr,false,true,proconnect_snapshot_only
pyrenees-atlantiques.gouv.fr,false,true,proconnect_snapshot_only
pyrenees-orientales.gouv.fr,false,true,proconnect_snapshot_only
qualitetransports.gouv.fr,true,false,dila_current
recherche.gouv.fr,false,true,proconnect_snapshot_only
reservistes.defense.gouv.fr,true,false,dila_current
retraitesdeletat.gouv.fr,true,false,dila_current
reunion.gouv.fr,false,true,proconnect_snapshot_only
reunion.pref.gouv.fr,false,true,proconnect_snapshot_only
rhone.gouv.fr,false,true,proconnect_snapshot_only
saint-barth-saint-martin.gouv.fr,false,true,proconnect_snapshot_only
sante.gouv.fr,true,true,dila_and_proconnect
saone-et-loire.gouv.fr,false,true,proconnect_snapshot_only
sarthe.gouv.fr,false,true,proconnect_snapshot_only
savoie.gouv.fr,false,true,proconnect_snapshot_only
sbdu.entreprises.gouv.fr,true,false,dila_current
scl.finances.gouv.fr,false,true,proconnect_snapshot_only
securite-routiere.gouv.fr,true,false,dila_current
seine-et-marne.gouv.fr,false,true,proconnect_snapshot_only
seine-maritime.gouv.fr,false,true,proconnect_snapshot_only
seine-saint-denis.gouv.fr,false,true,proconnect_snapshot_only
service-civique.gouv.fr,true,true,dila_and_proconnect
servicehistorique.sga.defense.gouv.fr,true,false,dila_current
sg.social.gouv.fr,false,true,proconnect_snapshot_only
sgae.gouv.fr,true,false,dila_current
sgdsn.gouv.fr,true,true,dila_and_proconnect
sgg.pm.gouv.fr,false,true,proconnect_snapshot_only
signal.conso.gouv.fr,true,false,dila_current
snu.gouv.fr,true,true,dila_and_proconnect
social-sante.gouv.fr,true,false,dila_current
social.gouv.fr,false,true,proconnect_snapshot_only
societenumerique.gouv.fr,true,false,dila_current
solidarites-sante.gouv.fr,true,false,dila_current
solidarites.gouv.fr,true,false,dila_current
somme.gouv.fr,false,true,proconnect_snapshot_only
spm975.gouv.fr,false,true,proconnect_snapshot_only
sports.defense.gouv.fr,true,false,dila_current
sports.gouv.fr,true,true,dila_and_proconnect
sportsdenature.gouv.fr,false,true,proconnect_snapshot_only
spote.developpement-durable.gouv.fr,true,false,dila_current
sppe.gouv.fr,true,false,dila_current
ssi.gouv.fr,false,true,proconnect_snapshot_only
stac.aviation-civile.gouv.fr,true,false,dila_current
statistiques.developpement-durable.gouv.fr,true,false,dila_current
strategie.gouv.fr,true,true,dila_and_proconnect
strmtg.developpement-durable.gouv.fr,true,false,dila_current
tarn-et-garonne.gouv.fr,false,true,proconnect_snapshot_only
tarn-et-garonne.pref.gouv.fr,false,true,proconnect_snapshot_only
tarn.gouv.fr,false,true,proconnect_snapshot_only
terre.defense.gouv.fr,true,false,dila_current
territoire-de-belfort.gouv.fr,false,true,proconnect_snapshot_only
territoires-industrie.gouv.fr,false,true,proconnect_snapshot_only
transformation.gouv.fr,true,false,dila_current
transport.data.gouv.fr,false,true,proconnect_snapshot_only
travail-emploi.gouv.fr,true,false,dila_current
travail.gouv.fr,false,true,proconnect_snapshot_only
tresor.economie.gouv.fr,true,false,dila_current
tz.diplomatie.gouv.fr,true,false,dila_current
us.diplomatie.gouv.fr,true,false,dila_current
val-de-marne.gouv.fr,false,true,proconnect_snapshot_only
val-doise.gouv.fr,false,true,proconnect_snapshot_only
var.gouv.fr,false,true,proconnect_snapshot_only
vaucluse.gouv.fr,false,true,proconnect_snapshot_only
vendee.gouv.fr,false,true,proconnect_snapshot_only
vienne.gouv.fr,false,true,proconnect_snapshot_only
vosges.gouv.fr,false,true,proconnect_snapshot_only
vu.diplomatie.gouv.fr,true,false,dila_current
wallis-et-futuna.pref.gouv.fr,false,true,proconnect_snapshot_only
yonne.gouv.fr,false,true,proconnect_snapshot_only
yvelines.gouv.fr,false,true,proconnect_snapshot_only
